<?xml version='1.0' encoding='utf-8' standalone='yes' ?>
<map>
    <string name="prev_event_name">appClose</string>
    <boolean name="didSendRevenueTriggerOnLastBackground" value="false" />
    <long name="prev_event_timestamp" value="1757827469053" />
    <int name="appsFlyerInAppEventCount" value="88" />
    <long name="prev_session_dur" value="7" />
    <boolean name="ddl_sent" value="true" />
    <long name="af_rc_max_age" value="86400" />
    <string name="sentSuccessfully">true</string>
    <int name="versionCode" value="393" />
    <string name="af_remote_config">eyJmZWF0dXJlcyI6e30sInZlciI6ImRlZmF1bHQudjEuMTYzNzE0OTUyOSJ9</string>
    <string name="savedProperties">{&quot;uid&quot;:&quot;1757825189715-2498549877956125674&quot;,&quot;waitForCustomerId&quot;:&quot;false&quot;,&quot;onelinkVersion&quot;:&quot;4&quot;,&quot;logLevel&quot;:&quot;4&quot;,&quot;oneLinkSlug&quot;:&quot;Lz3o&quot;,&quot;onelinkDomain&quot;:&quot;dashreels.onelink.me&quot;,&quot;additionalCustomData&quot;:&quot;{\&quot;userId:\&quot;:\&quot;TcWekEYJgecGfezVbT3Czjuf6xo1\&quot;}&quot;,&quot;AppUserId&quot;:&quot;cttfY9sh7vaJvi8ki7oMgFC7Uip2&quot;}</string>
    <string name="AF_INSTALLATION">1757825189715-2498549877956125674</string>
    <boolean name="afUninstallToken_queued" value="false" />
    <int name="appsFlyerCount" value="24" />
    <long name="af_rc_timestamp" value="1757825189990" />
    <long name="AppsFlyerTimePassedSincePrevLaunch" value="1757827461905" />
    <boolean name="newGPReferrerSent" value="true" />
    <string name="appsFlyerFirstInstall">2025-09-14_101629+0530</string>
    <string name="attributionId">{&quot;install_time&quot;:&quot;2025-09-14 04:46:35.533&quot;,&quot;af_message&quot;:&quot;organic install&quot;,&quot;af_status&quot;:&quot;Organic&quot;,&quot;is_first_launch&quot;:false}</string>
</map>
