<?xml version='1.0' encoding='utf-8' standalone='yes' ?>
<map>
    <string name="com.applovin.sdk.P_OL.plugin_version">13.2.0.1</string>
    <string name="com.applovin.sdk.P_OL.device_token">MaznYs97JTiqaqEwnZGZ5nnmU6qzenXemseQk8C5eWlq3c5bq4E1q5snlIjQO6aI5bUNpwjBl3DP-meZvw_cDpUqisaI01J3ygfCJqIr_Gqjuh4bNfnMKs1wpi4430l9AxFqN7Y2neD-qRySJ56Srvg0W9H026r_IuBusVr57hE=</string>
    <string name="com.applovin.sdk.P_OL.device_id">10f68c26c543afe93f</string>
    <string name="com.applovin.sdk.P_OL.sc">JpaO9xsWvpv3G2VKFu7Eu7ekZgA%3D</string>
    <boolean name="com.applovin.sdk.P_OL.is_verbose_logging" value="false" />
</map>
