<?xml version='1.0' encoding='utf-8' standalone='yes' ?>
<map>
    <boolean name="events_user_id_present" value="true" />
    <string name="people_distinct_id">BRg5DwNWMxafjlS4jdiYPo0Y3IF2</string>
    <string name="events_distinct_id">BRg5DwNWMxafjlS4jdiYPo0Y3IF2</string>
    <string name="anonymous_id">81041f8c-bc6c-44a6-9588-7343d94f2f0f</string>
    <string name="super_properties">{&quot;$lib_version&quot;:&quot;2.4.4&quot;,&quot;mp_lib&quot;:&quot;flutter&quot;,&quot;isAnonymous&quot;:false,&quot;phoneNumber&quot;:true,&quot;userEmail&quot;:&quot;&quot;,&quot;userName&quot;:&quot;ADITYAxOFFICAL&quot;,&quot;userId&quot;:&quot;BRg5DwNWMxafjlS4jdiYPo0Y3IF2&quot;}</string>
    <boolean name="had_persisted_distinct_id" value="false" />
</map>
