<?xml version='1.0' encoding='utf-8' standalone='yes' ?>
<map>
    <string name="com.applovin.sdk.P_OL.plugin_version">13.2.0.1</string>
    <string name="com.applovin.sdk.P_OL.device_token">MaznYs97JTiqaqEwnZGZ5j1zrZjeaPEXOYACuzy9ja-AFIQmIguGmGWR8G6I9V7iJTtR0lb54QbTN35xt_29Jx0DbWGIBVw8kjmj-g26pqC0WoSlnUwnSF9tyE1xQIiqY6R8EdrjWSd-0b1kQWYBCvk02lWl2zlu_AbvBNeRLSg=</string>
    <string name="com.applovin.sdk.P_OL.device_id">102a4a941eb0f84996</string>
    <string name="com.applovin.sdk.P_OL.sc">Js6n%2BBsW%2Frj4G1TSBBVKFo6%2FsOmoZgA%3D</string>
    <boolean name="com.applovin.sdk.P_OL.is_verbose_logging" value="false" />
</map>
