<?xml version='1.0' encoding='utf-8' standalone='yes' ?>
<map>
    <boolean name="com.applovin.sdk.launched_before" value="true" />
    <string name="com.applovin.sdk.device_test_group">12</string>
    <string name="com.applovin.sdk.stats">{&quot;app_paused_and_resumed&quot;:2}</string>
    <long name="com.applovin.sdk.install_date" value="1757236579000" />
    <string name="com.applovin.sdk.latest_installed_version">13.2.0</string>
    <boolean name="com.applovin.sdk.has_seen_but_not_accepted_privacy_policy" value="false" />
</map>
