<?xml version='1.0' encoding='utf-8' standalone='yes' ?>
<map>
    <string name="flutter.countryCode">IN</string>
    <boolean name="flutter.appsflyerDeepLinked" value="true" />
    <string name="flutter.languages">VGhpcyBpcyB0aGUgcHJlZml4IGZvciBhIGxpc3Qu![&quot;Hindi&quot;]</string>
    <string name="flutter.lastSessionId">5a7feb00-8bcb-11f0-9463-b5521d965fc0</string>
    <string name="flutter.alternateTrialScreen">&quot;true&quot;</string>
    <boolean name="flutter.onboardingShown" value="true" />
    <string name="flutter.PREFERRED_LANGUAGE">hi</string>
    <string name="flutter.subscriptionVariant">&quot;D&quot;</string>
    <long name="flutter.lastSessionStartTime" value="1757236596144" />
    <boolean name="flutter.firstTimeLaunch" value="false" />
    <string name="flutter.startOnExplore">&quot;false&quot;</string>
</map>
