<?xml version='1.0' encoding='utf-8' standalone='yes' ?>
<map>
    <string name="auid">643970b1-b49f-4fe5-8d7a-4c51a2bf7c5b</string>
    <string name="search_keys">{&quot;success&quot;:&quot;&quot;,&quot;fail&quot;:&quot;&quot;,&quot;searchKeys&quot;:[&quot;market://&quot;,&quot;play.google.com&quot;],&quot;acknowledgeWith&quot;:&quot;acknowledgeMessage&quot;,&quot;declineWith&quot;:&quot;errorTest&quot;}</string>
    <string name="ssaGlobalAppData">{&quot;controllerVersion&quot;:&quot;2976&quot;}</string>
    <string name="version">8.8.0</string>
    <string name="unityads-idfi">c9c6258d-c651-43a9-bfca-ee60bbc072c2</string>
</map>
