<?xml version='1.0' encoding='utf-8' standalone='yes' ?>
<map>
    <string name="auid">1ea0f053-f754-4a1d-b2f9-3875adf8e23e</string>
    <string name="search_keys">{&quot;success&quot;:&quot;&quot;,&quot;fail&quot;:&quot;&quot;,&quot;searchKeys&quot;:[&quot;market://&quot;,&quot;play.google.com&quot;],&quot;acknowledgeWith&quot;:&quot;acknowledgeMessage&quot;,&quot;declineWith&quot;:&quot;errorTest&quot;}</string>
    <string name="ssaGlobalAppData">{&quot;controllerVersion&quot;:&quot;2992&quot;}</string>
    <string name="version">8.8.0</string>
    <string name="unityads-idfi">7389174a-6a32-4120-8b73-dc5ebb1e1aba</string>
</map>
